"","catF","lanF","catch","landings","catB","lanB"
"F05",0.897094861660079,NA,2597.29139817449,NA,3858.57612889174,NA
"F10",0.975653333333333,NA,2565.7517066367,NA,3646.10039990063,NA
"F50",NA,NA,NA,NA,NA,NA
"medianMSY",NA,0.389389389389389,NA,2792.56094336321,NA,7122.52579316807
"meanMSY",0.38,0.38,2791.81656925301,2791.81656925301,7329.81248346572,7329.81248346572
"Medlower",NA,0.25025025025025,NA,2654.0839997329,NA,12264.7998651526
"Meanlower",NA,0.244864864864865,NA,2708.3862372449,NA,NA
"Medupper",NA,0.751751751751752,NA,2653.45298423849,NA,4337.76747684296
"Meanupper",NA,0.814684684684685,NA,2708.27623825661,NA,NA
