"","catF","lanF","catch","landings","catB","lanB"
"F05",0.573043810494142,NA,2638.16645543694,NA,3558.50291509344,NA
"F10",0.583347070944951,NA,2622.38354533898,NA,3434.75403424564,NA
"F50",0.61522370402237,NA,2443.57471159272,NA,2941.16314997673,NA
"medianMSY",NA,0.351351351351351,NA,2782.54264501036,NA,8023.46557428292
"meanMSY",0.35,0.35,2782.4090961291,2782.4090961291,8070.25713823751,8070.25713823751
"Medlower",NA,0.22022022022022,NA,2644.96446166012,NA,14405.2097824365
"Meanlower",NA,0.221081081081081,NA,2664.72962543577,NA,NA
"Medupper",NA,0.587587587587588,NA,2647.30318674144,NA,3408.5749421159
"Meanupper",NA,0.581801801801802,NA,2663.83877211298,NA,NA
