"","a","b","cv","model","n","prop"
"1",1.73566778443003,2634.33939431047,0.273998322490653,"Segreg",1001,1
