"","a","b","cv","model","n","prop"
"1",1.73566778443003,2634.33939431047,0.273998322490653,"Segreg",722,0.721278721278721
"2",1.99173366323613,0.00014274009510151,0.288118791384798,"Ricker",279,0.278721278721279
