"","a","b","cv","model","n","prop"
"1",2.20123559401002,2081.95352712425,0.254972227507114,"Segreg",1001,1
