"","a","b","cv","model","n","prop"
"1",1.53739709749412,1,0.273998321574369,"SegregBlim",1001,1
