"","a","b","cv","model","n","prop"
"1",1.55176991413472,1,0.255152814133799,"SegregBlim",1001,1
