"","MSYBtrigger","5thPerc_SSBmsy","Bpa","Blim","Fpa","Flim","Fp05","Fmsy_unconstr","Fmsy"
"value",6386.83613276968,6386.83613276968,4215.10240282933,2974.07743795895,0.43,0.61,0.78,0.361361361361361,0.36
