"","catF","lanF","catch","landings","catB","lanB"
"F05",0.472612095933264,NA,2573.89004035761,NA,4923.61958312697,NA
"F10",0.494270687237027,NA,2540.25537968576,NA,4514.82207276913,NA
"F50",0.573698752228164,NA,2270.73893831361,NA,3116.51137066241,NA
"medianMSY",NA,0.375375375375375,NA,2633.87819762461,NA,7263.91167741678
"meanMSY",0.37,0.37,2633.84375394186,2633.84375394186,7423.6701126286,7423.6701126286
"Medlower",NA,0.25025025025025,NA,2504.22270649582,NA,12355.5121779057
"Meanlower",NA,0.247837837837838,NA,2561.2013102347,NA,NA
"Medupper",NA,0.515515515515516,NA,2503.09717400477,NA,4141.64212893975
"Meanupper",NA,0.506486486486487,NA,2562.42015844367,NA,NA
