"","a","b","cv","model","n","prop"
"1",1.57157399266696,1,0.257344907121892,"SegregBlim",1001,1
