"","a","b","cv","model","n","prop"
"1",1.53629063780446,2919.6585938973,0.246911323511058,"Segreg",1001,1
