"","a","b","cv","model","n","prop"
"1",1.61760047567122,2826.85046426992,0.257344908232708,"Segreg",1001,1
