"","a","b","cv","model","n","prop"
"1",1.53629063780446,2919.6585938973,0.246911323511058,"Segreg",637,0.636363636363636
"2",2.02924119589521,0.000149684643358287,0.268019831852849,"Ricker",121,0.120879120879121
"3",243296049.56602,54241.2264299586,0.246911304582796,"Bevholt",243,0.242757242757243
