"","a","b","cv","model","n","prop"
"1",1.44022830098125,1,0.247244397797093,"SegregBlim",1001,1
