"","MSYBtrigger","5thPerc_SSBmsy","Bpa","Blim","Fpa","Flim","Fp05","Fmsy_unconstr","Fmsy"
"value",6273.59869903896,6273.59869903896,3971.18871586321,3116.97912114089,0.48,0.59,0.81,0.375375375375375,0.38
