year,mean_w
2010,34.3322247084
2011,54.42325459992308
2012,116.36741393878947
2013,89.78171128613333
2014,98.14383950188889
2015,59.33627143289286
2016,213.20234986245762
