dpue,n,prog
0.034317356632851403,9,self
0.034317356632851403,9,obs
