dpue,n,prog
0.3645838950479265,13,self
0.3645838950479265,13,obs
