dpue,n,prog
0.3560707478551824,19,self
0.3560707478551824,19,obs
