dpue,n,prog
0.048658884637518204,15,self
0.02032736086247528,2,obs
