dpue,n,prog
0.123675957,18,self
0.024428321,4,obs
