dpue,n,prog
0.06973130074720055,28,self
0.007602091093056602,3,obs
