dpue,n,prog
0.07844387380147655,59,self
0.07500373545024884,7,obs
